note_id,publish_time,quality_score,fields,content_type,popularity,topics,topic_vector,total_citations,recent_views_30d,trend_score,overall_quality,engagement_score,professionalism,completeness
note_0001,2025-10-24 13:02:47.835600,0.368268406615292,"['蛋白质结构预测', '机器学习']",最新论文,0.2164799831870576,"[""应用案例"", ""机器学习"", ""结构预测""]","[1, 0, 1, 0, 0, 0, 0, 1]",30,7,0.23333333333333334,0.457,0.229,0.696,0.912
note_0002,2022-03-18 13:02:47.835807,0.56218505028156,['蛋白质结构预测'],最新论文,0.286765300597143,"[""应用案例"", ""结构预测""]","[1, 0, 0, 0, 0, 0, 0, 1]",25,5,0.2,0.497,0.367,0.762,0.318
note_0003,2025-05-28 13:02:47.835889,0.6417488722868839,['蛋白质-配体相互作用'],经典方法,0.3510503651110411,"[""方法学""]","[0, 0, 0, 0, 0, 0, 1, 0]",30,3,0.1,0.606,0.598,0.594,0.54
note_0004,2026-03-09 13:02:47.835960,0.6559450799745928,"['机器学习', '深度学习']",综述文章,0.6104759182997476,"[""机器学习""]","[0, 0, 1, 0, 0, 0, 0, 0]",56,15,0.26785714285714285,0.652,0.636,0.59,0.736
note_0005,2025-07-19 13:02:47.836026,0.4964091982059473,['分子动力学'],技术教程,0.276054461243666,"[""方法学"", ""分子模拟""]","[0, 1, 0, 0, 0, 0, 1, 0]",58,6,0.10344827586206896,0.494,0.585,0.202,0.599
note_0006,2023-06-10 13:02:47.836091,0.2408640844934988,['酶催化'],实验技巧,0.1239130103093669,"[""方法学""]","[0, 0, 0, 0, 0, 0, 1, 0]",27,7,0.25925925925925924,0.525,0.686,0.756,0.732
note_0007,2024-12-26 13:02:47.836154,0.7041100106762306,['分子动力学'],技术教程,0.3744046599100787,"[""方法学"", ""分子模拟""]","[0, 1, 0, 0, 0, 0, 1, 0]",27,3,0.1111111111111111,0.641,0.647,0.498,0.605
note_0008,2025-10-20 13:02:47.836238,0.32793093022321,"['蛋白质结构预测', '机器学习']",技术教程,0.1921011103335163,"[""机器学习"", ""方法学"", ""结构预测""]","[1, 0, 1, 0, 0, 0, 1, 0]",29,3,0.10344827586206896,0.453,0.39,0.747,0.618
note_0009,2025-11-20 13:02:47.836308,0.7237448551265501,"['蛋白质结构预测', '机器学习']",算法解读,0.4376736262092824,"[""机器学习"", ""结构预测""]","[1, 0, 1, 0, 0, 0, 0, 0]",47,8,0.1702127659574468,0.675,0.723,0.527,0.599
note_0010,2025-05-16 13:02:47.836372,0.5960969638065609,['酶催化'],经典方法,0.3250580017053455,"[""方法学""]","[0, 0, 0, 0, 0, 0, 1, 0]",0,0,0.0,0.633,0.415,0.903,0.898
note_0011,2025-05-05 13:02:47.836434,0.5753790211631175,['酶催化'],应用案例,0.312853821307169,"[""应用案例""]","[0, 0, 0, 0, 0, 0, 0, 1]",10,1,0.1,0.371,0.125,0.375,0.315
note_0012,2023-07-03 13:02:47.836495,0.8962314913425016,['蛋白质-配体相互作用'],经典方法,0.461365729072231,"[""方法学""]","[0, 0, 0, 0, 0, 0, 1, 0]",52,9,0.17307692307692307,0.62,0.082,0.818,0.76
note_0013,2025-05-16 13:02:47.836561,0.3622007918429329,['蛋白质-配体相互作用'],综述文章,0.1974735342770616,"[""实验技术""]","[0, 0, 0, 1, 0, 0, 0, 0]",48,6,0.125,0.555,0.696,0.705,0.638
note_0014,2022-10-31 13:02:47.836636,0.8106276724970612,['蛋白质结构预测'],最新论文,0.4149647456889059,"[""应用案例"", ""结构预测""]","[1, 0, 0, 0, 0, 0, 0, 1]",36,7,0.19444444444444445,0.708,0.868,0.539,0.281
note_0015,2025-08-10 13:02:47.836706,0.8788455793499869,['酶催化'],应用案例,0.4931662280906581,"[""应用案例""]","[0, 0, 0, 0, 0, 0, 0, 1]",38,8,0.21052631578947367,0.681,0.659,0.619,0.26
note_0016,2024-06-22 13:02:47.836768,0.888768476965741,['AlphaFold'],技术教程,0.4645988327019058,"[""方法学"", ""结构预测""]","[1, 0, 0, 0, 0, 0, 1, 0]",48,6,0.125,0.72,0.367,0.771,0.925
note_0017,2025-11-09 13:02:47.836827,0.8739331884550636,"['蛋白质-配体相互作用', '酶催化']",技术教程,0.5219718585153715,"[""方法学""]","[0, 0, 0, 0, 0, 0, 1, 0]",39,9,0.23076923076923078,0.662,0.416,0.47,0.784
note_0018,2026-03-11 13:02:47.836889,0.7783312659332009,['机器学习'],最新论文,0.7454152100224085,"[""应用案例"", ""机器学习""]","[0, 0, 1, 0, 0, 0, 0, 1]",68,12,0.17647058823529413,0.552,0.354,0.186,0.708
note_0019,2025-11-15 13:02:47.836950,0.5145092097640571,['蛋白质结构预测'],技术教程,0.3093689509775796,"[""方法学"", ""结构预测""]","[1, 0, 0, 0, 0, 0, 1, 0]",29,3,0.10344827586206896,0.596,0.562,0.684,0.791
note_0020,2024-11-23 13:02:47.837011,0.8492535453798231,"['酶催化', '蛋白质折叠']",应用案例,0.4498447560888391,"[""应用案例"", ""结构预测""]","[1, 0, 0, 0, 0, 0, 0, 1]",22,6,0.2727272727272727,0.71,0.62,0.68,0.546
note_0021,2023-09-02 13:02:47.837070,0.4557037247250147,['蛋白质折叠'],经典方法,0.2350225118341125,"[""方法学"", ""结构预测""]","[1, 0, 0, 0, 0, 0, 1, 0]",39,6,0.15384615384615385,0.406,0.305,0.204,0.679
note_0022,2024-08-19 13:02:47.837133,0.5665215173896765,['蛋白质结构预测'],算法解读,0.2973904036688647,"[""结构预测""]","[1, 0, 0, 0, 0, 0, 0, 0]",4,0,0.0,0.487,0.545,0.427,0.216
note_0023,2025-02-01 13:02:47.837214,0.5859428611834739,"['深度学习', '酶催化']",综述文章,0.313175879619363,"[""机器学习""]","[0, 0, 1, 0, 0, 0, 0, 0]",4,1,0.25,0.596,0.463,0.773,0.71
note_0024,2024-11-18 13:02:47.837288,0.6246219329610725,['蛋白质-配体相互作用'],应用案例,0.3306719399900079,"[""应用案例""]","[0, 0, 0, 0, 0, 0, 0, 1]",36,9,0.25,0.456,0.265,0.5,0.346
note_0025,2024-09-12 13:02:47.837348,0.4444267004434757,['蛋白质折叠'],最新论文,0.2337512789525334,"[""应用案例"", ""结构预测""]","[1, 0, 0, 0, 0, 0, 0, 1]",37,4,0.10810810810810811,0.43,0.158,0.925,0.437
note_0026,2026-02-26 13:02:47.837407,0.6209719812720134,"['机器学习', '深度学习']",综述文章,0.5133317072178852,"[""机器学习""]","[0, 0, 1, 0, 0, 0, 0, 0]",54,7,0.12962962962962962,0.65,0.764,0.457,0.688
note_0027,2026-02-17 13:02:47.837474,0.5396876055206906,['深度学习'],技术教程,0.4183502018153012,"[""机器学习"", ""方法学""]","[0, 0, 1, 0, 0, 0, 1, 0]",38,6,0.15789473684210525,0.624,0.686,0.656,0.694
note_0028,2025-08-07 13:02:47.837537,0.220020656789461,['分子动力学'],最新论文,0.1233108971458699,"[""应用案例"", ""分子模拟""]","[0, 1, 0, 0, 0, 0, 0, 1]",5,0,0.0,0.45,0.654,0.773,0.334
note_0029,2026-03-01 13:02:47.837617,0.5456681310438245,['酶催化'],应用案例,0.4655387325720097,"[""应用案例""]","[0, 0, 0, 0, 0, 0, 0, 1]",36,5,0.1388888888888889,0.463,0.256,0.97,0.15
note_0030,2024-05-29 13:02:47.837680,0.4840602734968984,['蛋白质-配体相互作用'],技术教程,0.2526569453064298,"[""方法学""]","[0, 0, 0, 0, 0, 0, 1, 0]",46,9,0.1956521739130435,0.486,0.283,0.715,0.669
note_0031,2025-10-17 13:02:47.837738,0.4366252294471038,['机器学习'],技术教程,0.255233358702807,"[""机器学习"", ""方法学""]","[0, 0, 1, 0, 0, 0, 1, 0]",31,3,0.0967741935483871,0.64,0.757,0.764,0.825
note_0032,2026-02-19 13:02:47.837798,0.7105492092698494,['蛋白质折叠'],经典方法,0.5596320202216749,"[""方法学"", ""结构预测""]","[1, 0, 0, 0, 0, 0, 1, 0]",47,13,0.2765957446808511,0.514,0.293,0.134,0.814
note_0033,2026-01-14 13:02:47.837855,0.9430584276216608,['蛋白质折叠'],实验技巧,0.6311892386480749,"[""方法学"", ""结构预测""]","[1, 0, 0, 0, 0, 0, 1, 0]",49,4,0.08163265306122448,0.68,0.394,0.401,0.834
note_0034,2026-02-09 13:02:47.837915,0.2207871840590695,"['酶催化', '蛋白质折叠']",经典方法,0.1632545878220128,"[""方法学"", ""结构预测""]","[1, 0, 0, 0, 0, 0, 1, 0]",28,7,0.25,0.342,0.313,0.44,0.623
note_0035,2023-08-14 13:02:47.837976,0.8531421069496132,['蛋白质折叠'],实验技巧,0.4397289674229978,"[""方法学"", ""结构预测""]","[1, 0, 0, 0, 0, 0, 1, 0]",63,16,0.25396825396825395,0.772,0.682,0.684,0.826
note_0036,2026-02-05 13:02:47.838036,0.7533993498397581,"['AlphaFold', '深度学习']",算法解读,0.5475895066818071,"[""机器学习"", ""结构预测""]","[1, 0, 1, 0, 0, 0, 0, 0]",72,8,0.1111111111111111,0.613,0.229,0.787,0.831
note_0037,2025-03-11 13:02:47.838094,0.8174824089885977,"['深度学习', '蛋白质结构预测']",综述文章,0.4395896030339018,"[""机器学习"", ""结构预测""]","[1, 0, 1, 0, 0, 0, 0, 0]",26,7,0.2692307692307692,0.647,0.566,0.712,0.289
note_0038,2024-04-02 13:02:47.838153,0.7952717960014292,['深度学习'],应用案例,0.4137460117855912,"[""应用案例"", ""机器学习""]","[0, 0, 1, 0, 0, 0, 0, 1]",34,7,0.20588235294117646,0.76,0.958,0.532,0.497
note_0039,2025-10-24 13:02:47.838237,0.7673625443248248,['AlphaFold'],应用案例,0.4510178071698412,"[""应用案例"", ""结构预测""]","[1, 0, 0, 0, 0, 0, 0, 1]",35,5,0.14285714285714285,0.711,0.824,0.444,0.599
note_0040,2026-02-19 13:02:47.838304,0.6693076862614378,['蛋白质折叠'],应用案例,0.5240862198020044,"[""应用案例"", ""结构预测""]","[1, 0, 0, 0, 0, 0, 0, 1]",48,7,0.14583333333333334,0.581,0.254,0.743,0.838
note_0041,2023-07-31 13:02:47.838370,0.7081624238643656,['蛋白质-配体相互作用'],经典方法,0.3648535417975859,"[""方法学""]","[0, 0, 0, 0, 0, 0, 1, 0]",52,14,0.2692307692307692,0.401,0.24,0.247,0.061
note_0042,2025-09-13 13:02:47.838432,0.9446191714299872,['分子动力学'],最新论文,0.5394231460214952,"[""应用案例"", ""分子模拟""]","[0, 1, 0, 0, 0, 0, 0, 1]",80,15,0.1875,0.7,0.321,0.605,0.901
note_0043,2024-06-24 13:02:47.838490,0.3676939192937971,['分子动力学'],应用案例,0.1922309923206541,"[""应用案例"", ""分子模拟""]","[0, 1, 0, 0, 0, 0, 0, 1]",26,6,0.23076923076923078,0.538,0.568,0.688,0.78
note_0044,2024-09-06 13:02:47.838549,0.3934190823846365,['机器学习'],应用案例,0.2068183960189807,"[""应用案例"", ""机器学习""]","[0, 0, 1, 0, 0, 0, 0, 1]",7,1,0.14285714285714285,0.476,0.589,0.486,0.462
note_0045,2025-06-23 13:02:47.838622,0.6027358071232021,['机器学习'],技术教程,0.3321248416769348,"[""机器学习"", ""方法学""]","[0, 0, 1, 0, 0, 0, 1, 0]",32,6,0.1875,0.616,0.731,0.806,0.23
note_0046,2025-05-29 13:02:47.838692,0.5398581437381671,"['深度学习', '酶催化']",算法解读,0.295330086430512,"[""机器学习""]","[0, 0, 1, 0, 0, 0, 0, 0]",60,11,0.18333333333333332,0.581,0.555,0.5,0.826
note_0047,2025-10-10 13:02:47.838752,0.4833687337004416,['蛋白质结构预测'],技术教程,0.2808776563315527,"[""方法学"", ""结构预测""]","[1, 0, 0, 0, 0, 0, 1, 0]",29,4,0.13793103448275862,0.519,0.239,0.793,0.902
note_0048,2026-02-13 13:02:47.838816,0.3967844113251751,['分子动力学'],算法解读,0.299917041942023,"[""分子模拟""]","[0, 1, 0, 0, 0, 0, 0, 0]",23,4,0.17391304347826086,0.448,0.377,0.563,0.609
note_0049,2024-12-29 13:02:47.838880,0.1884105079028973,['蛋白质折叠'],算法解读,0.1002248300247805,"[""结构预测""]","[1, 0, 0, 0, 0, 0, 0, 0]",5,0,0.0,0.343,0.54,0.269,0.438
note_0050,2025-08-08 13:02:47.838941,0.5632993820902095,['分子动力学'],综述文章,0.3158266124217592,"[""分子模拟""]","[0, 1, 0, 0, 0, 0, 0, 0]",38,9,0.23684210526315788,0.669,0.746,0.608,0.858
note_0051,2026-01-03 13:02:47.839006,0.9599028301261576,"['蛋白质折叠', '分子动力学']",经典方法,0.6249114611968215,"[""方法学"", ""分子模拟"", ""结构预测""]","[1, 1, 0, 0, 0, 0, 1, 0]",45,12,0.26666666666666666,0.726,0.691,0.502,0.399
note_0052,2024-11-06 13:02:47.839067,0.3924573074113334,['机器学习'],最新论文,0.2075001045670352,"[""应用案例"", ""机器学习""]","[0, 0, 1, 0, 0, 0, 0, 1]",9,2,0.2222222222222222,0.348,0.204,0.316,0.547
note_0053,2026-01-30 13:02:47.839127,0.6489538923773712,"['分子动力学', '蛋白质折叠']",最新论文,0.458088382691441,"[""应用案例"", ""分子模拟"", ""结构预测""]","[1, 1, 0, 0, 0, 0, 0, 1]",63,16,0.25396825396825395,0.588,0.441,0.568,0.738
note_0054,2025-11-17 13:02:47.839186,0.7364863748810361,['酶催化'],技术教程,0.443590953020074,"[""方法学""]","[0, 0, 0, 0, 0, 0, 1, 0]",50,6,0.12,0.665,0.539,0.785,0.603
note_0055,2025-02-06 13:02:47.839268,0.6486296635435265,['酶催化'],经典方法,0.3469163264958999,"[""方法学""]","[0, 0, 0, 0, 0, 0, 1, 0]",35,9,0.2571428571428571,0.557,0.467,0.636,0.415
note_0056,2023-12-20 13:02:47.839330,0.9526808679831524,"['酶催化', '蛋白质折叠']",技术教程,0.4932713116339646,"[""方法学"", ""结构预测""]","[1, 0, 0, 0, 0, 0, 1, 0]",68,18,0.2647058823529412,0.806,0.84,0.502,0.651
note_0057,2021-05-09 13:02:47.839389,0.4857300840540552,"['分子动力学', '蛋白质-配体相互作用']",技术教程,0.2469140283171845,"[""方法学"", ""分子模拟""]","[0, 1, 0, 0, 0, 0, 1, 0]",9,1,0.1111111111111111,0.463,0.339,0.863,0.25
note_0058,2025-12-05 13:02:47.839447,0.4065432438308202,['AlphaFold'],综述文章,0.2507123377794901,"[""结构预测""]","[1, 0, 0, 0, 0, 0, 0, 0]",18,3,0.16666666666666666,0.446,0.283,0.732,0.589
note_0059,2023-12-28 13:02:47.839507,0.9358100026603084,['蛋白质结构预测'],经典方法,0.4846850609718705,"[""方法学"", ""结构预测""]","[1, 0, 0, 0, 0, 0, 1, 0]",53,5,0.09433962264150944,0.672,0.367,0.726,0.522
note_0060,2025-04-04 13:02:47.839575,0.4573035778255363,['深度学习'],应用案例,0.2470300695418337,"[""应用案例"", ""机器学习""]","[0, 0, 1, 0, 0, 0, 0, 1]",29,5,0.1724137931034483,0.492,0.386,0.509,0.781
note_0061,2022-05-03 13:02:47.839646,0.7860239066727156,['机器学习'],最新论文,0.4011950562471453,"[""应用案例"", ""机器学习""]","[0, 0, 1, 0, 0, 0, 0, 1]",11,1,0.09090909090909091,0.701,0.643,0.721,0.572
note_0062,2024-10-24 13:02:47.839709,0.3441443169640711,['蛋白质-配体相互作用'],实验技巧,0.1817114975702973,"[""方法学""]","[0, 0, 0, 0, 0, 0, 1, 0]",9,1,0.1111111111111111,0.466,0.467,0.419,0.835
note_0063,2025-08-16 13:02:47.839767,0.6981517451266532,"['蛋白质结构预测', '蛋白质折叠']",技术教程,0.3927866967305662,"[""方法学"", ""结构预测""]","[1, 0, 0, 0, 0, 0, 1, 0]",35,7,0.2,0.478,0.194,0.26,0.68
note_0064,2026-01-18 13:02:47.839833,0.4353251763457816,"['蛋白质折叠', '机器学习']",最新论文,0.294738992598439,"[""应用案例"", ""机器学习"", ""结构预测""]","[1, 0, 1, 0, 0, 0, 0, 1]",37,8,0.21621621621621623,0.53,0.402,0.864,0.702
note_0065,2025-07-03 13:02:47.839894,0.6229124488968806,['蛋白质折叠'],最新论文,0.3444594829415291,"[""应用案例"", ""结构预测""]","[1, 0, 0, 0, 0, 0, 0, 1]",39,11,0.28205128205128205,0.618,0.469,0.739,0.783
note_0066,2025-02-22 13:02:47.839956,0.5149545412956451,['蛋白质结构预测'],综述文章,0.2761209517238801,"[""结构预测""]","[1, 0, 0, 0, 0, 0, 0, 0]",25,3,0.12,0.557,0.74,0.596,0.261
note_0067,2025-09-09 13:02:47.840016,0.2724168666078596,"['AlphaFold', '蛋白质折叠']",技术教程,0.1551287018256424,"[""方法学"", ""结构预测""]","[1, 0, 0, 0, 0, 0, 1, 0]",0,0,0.0,0.326,0.029,0.829,0.558
note_0068,2024-12-26 13:02:47.840072,0.5505092313963119,"['分子动力学', '深度学习']",最新论文,0.2927298675223846,"[""应用案例"", ""机器学习"", ""分子模拟""]","[0, 1, 1, 0, 0, 0, 0, 1]",28,3,0.10714285714285714,0.506,0.291,0.665,0.659
note_0069,2024-09-14 13:02:47.840130,0.6457078140171761,['AlphaFold'],经典方法,0.3396953487606037,"[""方法学"", ""结构预测""]","[1, 0, 0, 0, 0, 0, 1, 0]",34,3,0.08823529411764706,0.601,0.563,0.469,0.687
note_0070,2025-10-12 13:02:47.840190,0.7067591704737651,"['深度学习', '蛋白质折叠']",最新论文,0.4115224482700388,"[""应用案例"", ""机器学习"", ""结构预测""]","[1, 0, 1, 0, 0, 0, 0, 1]",90,14,0.15555555555555556,0.476,0.236,0.489,0.328
note_0071,2025-08-19 13:02:47.840271,0.7408590174598789,['深度学习'],综述文章,0.4173259660323588,"[""机器学习""]","[0, 0, 1, 0, 0, 0, 0, 0]",37,4,0.10810810810810811,0.597,0.669,0.445,0.221
note_0072,2025-07-12 13:02:47.840332,0.4424348061540571,['蛋白质结构预测'],最新论文,0.2453974699599883,"[""应用案例"", ""结构预测""]","[1, 0, 0, 0, 0, 0, 0, 1]",30,5,0.16666666666666666,0.498,0.572,0.679,0.318
note_0073,2026-01-09 13:02:47.840395,0.7116549206064197,"['蛋白质-配体相互作用', 'AlphaFold']",技术教程,0.4700319631251081,"[""方法学"", ""结构预测""]","[1, 0, 0, 0, 0, 0, 1, 0]",69,10,0.14492753623188406,0.648,0.701,0.578,0.443
note_0074,2026-01-22 13:02:47.840456,0.6998575416444124,['蛋白质-配体相互作用'],算法解读,0.4801575967071025,"[""分子模拟""]","[0, 1, 0, 0, 0, 0, 0, 0]",63,15,0.23809523809523808,0.499,0.073,0.701,0.612
note_0075,2024-07-16 13:02:47.840517,0.9736797926046666,['蛋白质折叠'],技术教程,0.509832683182062,"[""方法学"", ""结构预测""]","[1, 0, 0, 0, 0, 0, 1, 0]",78,17,0.21794871794871795,0.675,0.562,0.136,0.647
note_0076,2025-02-24 13:02:47.840598,0.6990102188018632,['蛋白质-配体相互作用'],算法解读,0.3749075195202296,"[""机器学习""]","[0, 0, 1, 0, 0, 0, 0, 0]",8,1,0.125,0.691,0.695,0.666,0.685
note_0077,2026-02-02 13:02:47.840660,0.5144520632827178,['蛋白质结构预测'],算法解读,0.3685822243698556,"[""结构预测""]","[1, 0, 0, 0, 0, 0, 0, 0]",16,1,0.0625,0.545,0.483,0.624,0.671
note_0078,2025-11-06 13:02:47.840719,0.3140686830061521,"['机器学习', '深度学习']",最新论文,0.1870363113224192,"[""应用案例"", ""机器学习""]","[0, 0, 1, 0, 0, 0, 0, 1]",6,1,0.16666666666666666,0.425,0.559,0.482,0.394
note_0079,2025-08-27 13:02:47.840778,0.7853538608734578,['机器学习'],最新论文,0.4441311339999137,"[""应用案例"", ""机器学习""]","[0, 0, 1, 0, 0, 0, 0, 1]",12,2,0.16666666666666666,0.528,0.262,0.408,0.496
note_0080,2025-12-08 13:02:47.840841,0.8117042582572024,['机器学习'],应用案例,0.5029746417815434,"[""应用案例"", ""机器学习""]","[0, 0, 1, 0, 0, 0, 0, 1]",51,6,0.11764705882352941,0.624,0.645,0.334,0.37
note_0081,2024-06-30 13:02:47.840905,0.5759434400242761,"['蛋白质结构预测', 'AlphaFold']",应用案例,0.3012386296517065,"[""应用案例"", ""结构预测""]","[1, 0, 0, 0, 0, 0, 0, 1]",11,3,0.2727272727272727,0.48,0.437,0.431,0.362
note_0082,2026-01-11 13:02:47.840965,0.6761977194641976,['蛋白质-配体相互作用'],技术教程,0.44939042359309,"[""方法学""]","[0, 0, 0, 0, 0, 0, 1, 0]",74,9,0.12162162162162163,0.571,0.384,0.461,0.771
note_0083,2023-12-06 13:02:47.841023,0.3528564546138549,['分子动力学'],技术教程,0.182592904367889,"[""方法学"", ""分子模拟""]","[0, 1, 0, 0, 0, 0, 1, 0]",2,0,0.0,0.332,0.265,0.609,0.134
note_0084,2025-09-02 13:02:47.841081,0.6968761874583728,['蛋白质-配体相互作用'],技术教程,0.3953401796177004,"[""方法学""]","[0, 0, 0, 0, 0, 0, 1, 0]",32,8,0.25,0.572,0.504,0.832,0.114
note_0085,2025-12-08 13:02:47.841140,0.1618377838744321,['酶催化'],技术教程,0.1002935337536253,"[""方法学""]","[0, 0, 0, 0, 0, 0, 1, 0]",26,6,0.23076923076923078,0.431,0.468,0.784,0.721
note_0086,2025-01-11 13:02:47.841215,0.5090288928327544,['酶催化'],实验技巧,0.2712246598706855,"[""方法学""]","[0, 0, 0, 0, 0, 0, 1, 0]",2,0,0.0,0.41,0.162,0.547,0.506
note_0087,2024-01-25 13:02:47.841283,0.8619704886215123,['分子动力学'],实验技巧,0.4469856851775219,"[""方法学"", ""分子模拟""]","[0, 1, 0, 0, 0, 0, 1, 0]",11,1,0.09090909090909091,0.533,0.169,0.425,0.488
note_0088,2026-02-25 13:02:47.841341,0.6399400799990699,"['深度学习', '机器学习']",经典方法,0.5244941248500016,"[""机器学习"", ""方法学""]","[0, 0, 1, 0, 0, 0, 1, 0]",55,15,0.2727272727272727,0.532,0.491,0.546,0.314
note_0089,2025-05-23 13:02:47.841408,0.5420881148191551,"['分子动力学', '蛋白质结构预测']",应用案例,0.2960663786596549,"[""应用案例"", ""分子模拟"", ""结构预测""]","[1, 1, 0, 0, 0, 0, 0, 1]",34,5,0.14705882352941177,0.436,0.114,0.63,0.601
note_0090,2025-11-04 13:02:47.841470,0.7741953808136498,"['蛋白质-配体相互作用', '酶催化']",实验技巧,0.4598770197772408,"[""方法学""]","[0, 0, 0, 0, 0, 0, 1, 0]",60,10,0.16666666666666666,0.615,0.699,0.245,0.395
note_0091,2025-12-22 13:02:47.841531,0.407669744165472,['蛋白质折叠'],技术教程,0.2585073375945915,"[""方法学"", ""结构预测""]","[1, 0, 0, 0, 0, 0, 1, 0]",35,9,0.2571428571428571,0.59,0.604,0.761,0.876
note_0092,2025-12-30 13:02:47.841606,0.3031460363092756,['酶催化'],应用案例,0.1953517476244765,"[""应用案例""]","[0, 0, 0, 0, 0, 0, 0, 1]",24,6,0.25,0.352,0.08,0.739,0.637
note_0093,2025-05-03 13:02:47.841675,0.8693725203878513,['酶催化'],最新论文,0.4725241187220148,"[""应用案例""]","[0, 0, 0, 0, 0, 0, 0, 1]",33,4,0.12121212121212122,0.685,0.816,0.3,0.315
note_0094,2025-08-06 13:02:47.841745,0.9044225590063496,['蛋白质折叠'],最新论文,0.5066715032233401,"[""应用案例"", ""结构预测""]","[1, 0, 0, 0, 0, 0, 0, 1]",54,15,0.2777777777777778,0.699,0.491,0.443,0.822
note_0095,2024-05-07 13:02:47.841807,0.9599972492659484,['蛋白质-配体相互作用'],技术教程,0.5003976484755257,"[""方法学""]","[0, 0, 0, 0, 0, 0, 1, 0]",55,5,0.09090909090909091,0.798,0.66,0.618,0.824
note_0096,2025-07-16 13:02:47.841867,0.8427426817329391,"['AlphaFold', '机器学习']",最新论文,0.4681688112647005,"[""应用案例"", ""机器学习"", ""结构预测""]","[1, 0, 1, 0, 0, 0, 0, 1]",31,4,0.12903225806451613,0.633,0.431,0.69,0.42
note_0097,2024-08-19 13:02:47.841928,0.1271324259988337,['分子动力学'],实验技巧,0.0667362836482243,"[""方法学"", ""分子模拟""]","[0, 1, 0, 0, 0, 0, 1, 0]",43,9,0.20930232558139536,0.374,0.503,0.716,0.43
note_0098,2025-04-25 13:02:47.841984,0.4568852694718819,['深度学习'],应用案例,0.2478967042540409,"[""应用案例"", ""机器学习""]","[0, 0, 1, 0, 0, 0, 0, 1]",33,4,0.12121212121212122,0.48,0.452,0.674,0.403
note_0099,2025-09-07 13:02:47.842041,0.6694968791911292,['AlphaFold'],经典方法,0.3808337156548296,"[""方法学"", ""结构预测""]","[1, 0, 0, 0, 0, 0, 1, 0]",18,2,0.1111111111111111,0.643,0.646,0.697,0.514
note_0100,2025-07-10 13:02:47.842107,0.6345013284668719,['蛋白质-配体相互作用'],最新论文,0.3517109549258703,"[""应用案例""]","[0, 0, 0, 0, 0, 0, 0, 1]",50,12,0.24,0.602,0.53,0.921,0.339
note_0101,2023-12-04 13:02:47.842174,0.6752314627148689,['机器学习'],算法解读,0.3493865068873937,"[""机器学习""]","[0, 0, 1, 0, 0, 0, 0, 0]",53,12,0.22641509433962265,0.614,0.464,0.968,0.396
note_0102,2023-03-20 13:02:47.842256,0.6634961940762749,['分子动力学'],综述文章,0.3406416844406786,"[""分子模拟""]","[0, 1, 0, 0, 0, 0, 0, 0]",42,8,0.19047619047619047,0.601,0.394,0.777,0.673
note_0103,2025-12-08 13:02:47.842318,0.8906263448004218,"['蛋白质结构预测', '酶催化']",技术教程,0.5514181400830218,"[""方法学"", ""结构预测""]","[1, 0, 0, 0, 0, 0, 1, 0]",50,7,0.14,0.692,0.576,0.335,0.749
note_0104,2025-12-08 13:02:47.842375,0.799657911407322,['蛋白质折叠'],经典方法,0.4952112203885682,"[""方法学"", ""结构预测""]","[1, 0, 0, 0, 0, 0, 1, 0]",33,4,0.12121212121212122,0.773,0.863,0.54,0.757
note_0105,2025-02-20 13:02:47.842432,0.3753326198216308,['蛋白质折叠'],最新论文,0.2011783025072514,"[""应用案例"", ""结构预测""]","[1, 0, 0, 0, 0, 0, 0, 1]",18,5,0.2777777777777778,0.399,0.392,0.592,0.281
note_0106,2025-09-13 13:02:47.842489,0.5538587738826503,"['机器学习', '蛋白质-配体相互作用']",最新论文,0.3162338255974072,"[""应用案例"", ""机器学习""]","[0, 0, 1, 0, 0, 0, 0, 1]",37,8,0.21621621621621623,0.603,0.572,0.843,0.559
note_0107,2025-03-31 13:02:47.842550,0.4381490783115265,['酶催化'],技术教程,0.2365031971849282,"[""方法学""]","[0, 0, 0, 0, 0, 0, 1, 0]",23,4,0.17391304347826086,0.568,0.707,0.498,0.708
note_0108,2025-10-13 13:02:47.842622,0.6476734257828167,"['蛋白质-配体相互作用', '深度学习']",最新论文,0.3775028685502654,"[""应用案例"", ""机器学习""]","[0, 0, 1, 0, 0, 0, 0, 1]",66,13,0.19696969696969696,0.524,0.552,0.291,0.37
note_0109,2025-08-28 13:02:47.842683,0.7548131939758199,['分子动力学'],最新论文,0.4271656459192882,"[""应用案例"", ""分子模拟""]","[0, 1, 0, 0, 0, 0, 0, 1]",54,8,0.14814814814814814,0.607,0.412,0.57,0.643
note_0110,2025-10-13 13:02:47.842741,0.8248400819921302,['蛋白质折叠'],最新论文,0.4805086411241177,"[""应用案例"", ""结构预测""]","[1, 0, 0, 0, 0, 0, 0, 1]",30,3,0.1,0.509,0.18,0.312,0.524
note_0111,2023-12-09 13:02:47.842800,0.7416576742119565,"['蛋白质折叠', '蛋白质结构预测']",算法解读,0.3838303661052956,"[""结构预测""]","[1, 0, 0, 0, 0, 0, 0, 0]",16,4,0.25,0.675,0.733,0.691,0.367
note_0112,2025-07-19 13:02:47.842861,0.3700478545071602,"['机器学习', '蛋白质-配体相互作用']",算法解读,0.2057393093912223,"[""机器学习""]","[0, 0, 1, 0, 0, 0, 0, 0]",29,8,0.27586206896551724,0.354,0.14,0.474,0.622
note_0113,2025-12-29 13:02:47.842921,0.7781942605334302,['深度学习'],技术教程,0.5010823004267803,"[""机器学习"", ""方法学""]","[0, 0, 1, 0, 0, 0, 1, 0]",45,4,0.08888888888888889,0.706,0.776,0.286,0.793
note_0114,2026-01-06 13:02:47.842980,0.4964804819694626,['AlphaFold'],实验技巧,0.3251968309762733,"[""方法学"", ""结构预测""]","[1, 0, 0, 0, 0, 0, 1, 0]",46,13,0.2826086956521739,0.548,0.421,0.835,0.652
note_0115,2024-12-31 13:02:47.843044,0.8435635376866998,['AlphaFold'],经典方法,0.4488220348068659,"[""方法学"", ""结构预测""]","[1, 0, 0, 0, 0, 0, 1, 0]",53,15,0.2830188679245283,0.717,0.634,0.821,0.441
note_0116,2025-06-17 13:02:47.843104,0.5856361864106224,"['蛋白质结构预测', 'AlphaFold']",最新论文,0.3221777902218791,"[""应用案例"", ""结构预测""]","[1, 0, 0, 0, 0, 0, 0, 1]",30,8,0.26666666666666666,0.691,0.847,0.602,0.75
note_0117,2024-08-12 13:02:47.843165,0.3266900212609289,['酶催化'],经典方法,0.1714043078120987,"[""方法学""]","[0, 0, 0, 0, 0, 0, 1, 0]",0,0,0.0,0.511,0.795,0.202,0.742
note_0118,2024-08-05 13:02:47.843243,0.6350283233532339,['蛋白质结构预测'],综述文章,0.3329888326541214,"[""结构预测""]","[1, 0, 0, 0, 0, 0, 0, 0]",2,0,0.0,0.644,0.77,0.771,0.292
note_0119,2025-11-10 13:02:47.843311,0.3722265564476928,"['蛋白质折叠', '蛋白质-配体相互作用']",经典方法,0.2225357268587086,"[""方法学"", ""结构预测""]","[1, 0, 0, 0, 0, 0, 1, 0]",26,7,0.2692307692307692,0.405,0.299,0.52,0.588
note_0120,2025-07-28 13:02:47.843371,0.550783023285266,['深度学习'],综述文章,0.3073201174141948,"[""机器学习""]","[0, 0, 1, 0, 0, 0, 0, 0]",5,1,0.2,0.468,0.389,0.815,0.06
note_0121,2023-12-07 13:02:47.843428,0.7213760594786375,['酶催化'],最新论文,0.3733066415975855,"[""应用案例""]","[0, 0, 0, 0, 0, 0, 0, 1]",19,4,0.21052631578947367,0.611,0.42,0.44,0.874
note_0122,2025-11-16 13:02:47.843486,0.5538572249863108,['蛋白质结构预测'],实验技巧,0.3334127228680509,"[""方法学"", ""结构预测""]","[1, 0, 0, 0, 0, 0, 1, 0]",36,10,0.2777777777777778,0.553,0.591,0.665,0.361
note_0123,2026-01-19 13:02:47.843547,0.8206247582631704,"['酶催化', '分子动力学']",综述文章,0.558336453808446,"[""分子模拟""]","[0, 1, 0, 0, 0, 0, 0, 0]",56,15,0.26785714285714285,0.653,0.606,0.356,0.593
note_0124,2025-05-29 13:02:47.843619,0.4677008135224069,['蛋白质折叠'],最新论文,0.2558715698804684,"[""应用案例"", ""结构预测""]","[1, 0, 0, 0, 0, 0, 0, 1]",2,0,0.0,0.616,0.806,0.853,0.394
note_0125,2025-04-26 13:02:47.843680,0.5463769896585831,['酶催化'],应用案例,0.2964883058836398,"[""应用案例""]","[0, 0, 0, 0, 0, 0, 0, 1]",50,8,0.16,0.56,0.783,0.214,0.497
note_0126,2025-09-22 13:02:47.843737,0.7752328739049342,['深度学习'],技术教程,0.4449086734734465,"[""机器学习"", ""方法学""]","[0, 0, 1, 0, 0, 0, 1, 0]",65,10,0.15384615384615385,0.535,0.324,0.147,0.704
note_0127,2025-10-17 13:02:47.843802,0.39443416334985,['深度学习'],经典方法,0.230534416769592,"[""机器学习"", ""方法学""]","[0, 0, 1, 0, 0, 0, 1, 0]",33,9,0.2727272727272727,0.608,0.758,0.788,0.695
note_0128,2024-07-24 13:02:47.843872,0.0445627775588088,['蛋白质结构预测'],综述文章,0.023347375439327,"[""结构预测""]","[1, 0, 0, 0, 0, 0, 0, 0]",12,3,0.25,0.39,0.573,0.9,0.435
note_0129,2025-01-25 13:02:47.843933,0.3593630576317203,"['蛋白质折叠', '酶催化']",最新论文,0.1918726284009294,"[""应用案例"", ""结构预测""]","[1, 0, 0, 0, 0, 0, 0, 1]",29,7,0.2413793103448276,0.503,0.607,0.424,0.757
note_0130,2025-08-30 13:02:47.843994,0.6272219275758868,['蛋白质结构预测'],实验技巧,0.3552947613966212,"[""方法学"", ""结构预测""]","[1, 0, 0, 0, 0, 0, 1, 0]",112,25,0.22321428571428573,0.662,0.708,0.634,0.69
note_0131,2025-10-11 13:02:47.844058,0.423376582263418,['AlphaFold'],算法解读,0.2463533486255553,"[""结构预测""]","[1, 0, 0, 0, 0, 0, 0, 0]",43,11,0.2558139534883721,0.435,0.457,0.674,0.187
note_0132,2025-10-24 13:02:47.844115,0.4331850783413389,['蛋白质-配体相互作用'],综述文章,0.2547504249168931,"[""方法学""]","[0, 0, 0, 0, 0, 0, 1, 0]",38,6,0.15789473684210525,0.567,0.603,0.904,0.517
note_0133,2024-09-10 13:02:47.844158,0.4414059671555795,['深度学习'],技术教程,0.2321282189574928,"[""机器学习"", ""方法学""]","[0, 0, 1, 0, 0, 0, 1, 0]",7,1,0.14285714285714285,0.479,0.559,0.52,0.375
note_0134,2025-09-14 13:02:47.844210,0.3557782919081151,['深度学习'],技术教程,0.2032635969175695,"[""机器学习"", ""方法学""]","[0, 0, 1, 0, 0, 0, 1, 0]",15,1,0.06666666666666667,0.546,0.7,0.548,0.744
note_0135,2025-12-14 13:02:47.844254,0.4976622203499874,['酶催化'],最新论文,0.3115243026753377,"[""应用案例""]","[0, 0, 0, 0, 0, 0, 0, 1]",77,12,0.15584415584415584,0.449,0.52,0.288,0.34
note_0136,2025-11-08 13:02:47.844296,0.4719444520659276,"['机器学习', '蛋白质折叠']",经典方法,0.2815999642309157,"[""机器学习"", ""方法学"", ""结构预测""]","[1, 0, 1, 0, 0, 0, 1, 0]",0,0,0.0,0.522,0.557,0.671,0.438
note_0137,2025-11-07 13:02:47.844337,0.179193691279796,['蛋白质结构预测'],经典方法,0.1067964225718584,"[""方法学"", ""结构预测""]","[1, 0, 0, 0, 0, 0, 1, 0]",0,0,0.0,0.343,0.513,0.432,0.349
note_0138,2025-11-12 13:02:47.844380,0.412512927255131,['机器学习'],实验技巧,0.2471019077512002,"[""机器学习"", ""方法学""]","[0, 0, 1, 0, 0, 0, 1, 0]",45,9,0.2,0.413,0.577,0.082,0.421
note_0139,2026-01-16 13:02:47.844428,0.7739029476475358,['蛋白质结构预测'],最新论文,0.5218221455742063,"[""应用案例"", ""结构预测""]","[1, 0, 0, 0, 0, 0, 0, 1]",37,8,0.21621621621621623,0.685,0.542,0.893,0.527
note_0140,2025-02-06 13:02:47.844478,0.3572485342386891,['酶催化'],实验技巧,0.1910607995444527,"[""方法学""]","[0, 0, 0, 0, 0, 0, 1, 0]",32,3,0.09375,0.581,0.849,0.47,0.751
note_0141,2026-03-02 13:02:47.844535,0.6255798289088891,"['蛋白质-配体相互作用', '机器学习']",应用案例,0.5413867668261314,"[""应用案例"", ""机器学习""]","[0, 0, 1, 0, 0, 0, 0, 1]",54,11,0.2037037037037037,0.514,0.468,0.416,0.405
note_0142,2024-07-02 13:02:47.844602,0.7640521977093947,['AlphaFold'],经典方法,0.3996616871944224,"[""方法学"", ""结构预测""]","[1, 0, 0, 0, 0, 0, 1, 0]",25,5,0.2,0.74,0.692,0.741,0.773
note_0143,2024-06-20 13:02:47.844669,0.5962967053005264,['蛋白质结构预测'],应用案例,0.3116788784810765,"[""应用案例"", ""结构预测""]","[1, 0, 0, 0, 0, 0, 0, 1]",0,0,0.0,0.548,0.458,0.512,0.639
note_0144,2025-07-01 13:02:47.844730,0.5099761923901103,['蛋白质折叠'],经典方法,0.2817987992622637,"[""方法学"", ""结构预测""]","[1, 0, 0, 0, 0, 0, 1, 0]",31,4,0.12903225806451613,0.41,0.14,0.582,0.513
note_0145,2026-01-25 13:02:47.844789,0.5547422966593034,"['蛋白质结构预测', '酶催化']",综述文章,0.3847702349424928,"[""结构预测""]","[1, 0, 0, 0, 0, 0, 0, 0]",22,2,0.09090909090909091,0.517,0.477,0.688,0.327
note_0146,2026-02-08 13:02:47.844845,0.3072892558681858,['酶催化'],综述文章,0.2262299546974716,"[""方法学""]","[0, 0, 0, 0, 0, 0, 1, 0]",19,5,0.2631578947368421,0.601,0.869,0.816,0.633
note_0147,2025-01-16 13:02:47.844901,0.2246822042896285,['深度学习'],技术教程,0.1198132982818801,"[""机器学习"", ""方法学""]","[0, 0, 1, 0, 0, 0, 1, 0]",21,3,0.14285714285714285,0.316,0.149,0.805,0.401
note_0148,2025-12-26 13:02:47.844958,0.6418940204266298,"['蛋白质结构预测', '酶催化']",最新论文,0.4101162425863118,"[""应用案例"", ""结构预测""]","[1, 0, 0, 0, 0, 0, 0, 1]",58,7,0.1206896551724138,0.668,0.928,0.513,0.376
note_0149,2025-10-27 13:02:47.845017,0.8001146779966604,['机器学习'],技术教程,0.4716899177849412,"[""机器学习"", ""方法学""]","[0, 0, 1, 0, 0, 0, 1, 0]",37,7,0.1891891891891892,0.632,0.488,0.477,0.63
note_0150,2025-04-05 13:02:47.845077,0.8633239491681384,['机器学习'],经典方法,0.4664037929186517,"[""机器学习"", ""方法学""]","[0, 0, 1, 0, 0, 0, 1, 0]",32,7,0.21875,0.667,0.479,0.633,0.552
note_0151,2025-05-06 13:02:47.845137,0.3004475818080782,"['蛋白质-配体相互作用', '酶催化']",算法解读,0.1634162101504612,"[""方法学""]","[0, 0, 0, 0, 0, 0, 1, 0]",0,0,0.0,0.523,0.632,0.585,0.84
note_0152,2025-10-15 13:02:47.845194,0.7808422085474026,['AlphaFold'],技术教程,0.4556840123973434,"[""方法学"", ""结构预测""]","[1, 0, 0, 0, 0, 0, 1, 0]",63,15,0.23809523809523808,0.689,0.414,0.809,0.876
note_0153,2025-04-24 13:02:47.845267,0.517929273168997,['酶催化'],最新论文,0.2809683891807505,"[""应用案例""]","[0, 0, 0, 0, 0, 0, 0, 1]",70,12,0.17142857142857143,0.474,0.319,0.288,0.852
note_0154,2026-02-15 13:02:47.845323,0.5244214122925065,"['机器学习', '蛋白质结构预测']",技术教程,0.4012378725768784,"[""机器学习"", ""方法学"", ""结构预测""]","[1, 0, 1, 0, 0, 0, 1, 0]",60,8,0.13333333333333333,0.491,0.432,0.626,0.386
note_0155,2026-01-11 13:02:47.845386,0.6478077539507785,['蛋白质-配体相互作用'],最新论文,0.4301690585976835,"[""应用案例""]","[0, 0, 0, 0, 0, 0, 0, 1]",68,6,0.08823529411764706,0.626,0.359,0.908,0.82
note_0156,2025-12-15 13:02:47.845455,0.6058875051173989,"['蛋白质结构预测', '机器学习']",综述文章,0.3796527000344479,"[""机器学习"", ""结构预测""]","[1, 0, 1, 0, 0, 0, 0, 0]",22,2,0.09090909090909091,0.594,0.547,0.556,0.696
note_0157,2024-02-14 13:02:47.845516,0.7927071833610871,['蛋白质-配体相互作用'],综述文章,0.411427220860648,"[""疾病研究""]","[0, 0, 0, 0, 0, 1, 0, 0]",49,9,0.1836734693877551,0.582,0.366,0.685,0.351
note_0158,2025-06-02 13:02:47.845590,0.6350228354224049,['蛋白质-配体相互作用'],技术教程,0.3477743933741332,"[""方法学""]","[0, 0, 0, 0, 0, 0, 1, 0]",49,5,0.10204081632653061,0.513,0.244,0.653,0.585
note_0159,2025-12-29 13:02:47.845653,0.3484514249463503,"['机器学习', 'AlphaFold']",最新论文,0.2240293058527781,"[""应用案例"", ""机器学习"", ""结构预测""]","[1, 0, 1, 0, 0, 0, 0, 1]",0,0,0.0,0.468,0.507,0.486,0.688
note_0160,2025-02-18 13:02:47.845710,0.4266650046708727,"['蛋白质折叠', '酶催化']",最新论文,0.2286300472609548,"[""应用案例"", ""结构预测""]","[1, 0, 0, 0, 0, 0, 0, 1]",1,0,0.0,0.4,0.392,0.239,0.507
note_0161,2026-01-23 13:02:47.845769,0.7887834597469874,['酶催化'],最新论文,0.5435751741643725,"[""应用案例""]","[0, 0, 0, 0, 0, 0, 0, 1]",86,19,0.22093023255813954,0.641,0.279,0.749,0.861
note_0162,2025-10-11 13:02:47.845830,0.417558373769698,['分子动力学'],实验技巧,0.2428200529748697,"[""方法学"", ""分子模拟""]","[0, 1, 0, 0, 0, 0, 1, 0]",0,0,0.0,0.585,0.895,0.604,0.392
note_0163,2026-03-03 13:02:47.845890,0.3732896282036057,['分子动力学'],经典方法,0.3239342459076674,"[""方法学"", ""分子模拟""]","[0, 1, 0, 0, 0, 0, 1, 0]",60,12,0.2,0.506,0.52,0.676,0.665
note_0164,2025-05-08 13:02:47.845946,0.3878561147498149,['酶催化'],最新论文,0.2110740075068395,"[""应用案例""]","[0, 0, 0, 0, 0, 0, 0, 1]",0,0,0.0,0.557,0.737,0.496,0.708
